{
  "ratings": {
    "Egypt": 1784.4930594255559,
    "Togo": 1492.4278294424003,
    "Tunisia": 1759.2591984618675,
    "Trinidad and Tobago": 1543.343710491288,
    "Canada": 1877.0791761620942,
    "Burkina Faso": 1668.2980861283745,
    "Gabon": 1532.153450932468,
    "Guatemala": 1662.3028874757993,
    "Armenia": 1375.173913327125,
    "Ivory Coast": 1788.6676324240198,
    "Mexico": 1924.5602417057971,
    "Iran": 1882.724506819101,
    "Cameroon": 1722.110276375558,
    "Bermuda": 1326.2504958630218,
    "Senegal": 1915.2081740152955,
    "China PR": 1567.8548886447736,
    "New Zealand": 1726.512623786101,
    "United States": 1799.9412974655193,
    "Jamaica": 1689.0674396969239,
    "Ghana": 1624.9633365025786,
    "Morocco": 1980.083923212346,
    "Panama": 1844.2769462865347,
    "Algeria": 1863.9817776073598,
    "Malta": 1280.1166247583078,
    "Qatar": 1559.5197844736408,
    "South Korea": 1869.7832807654531,
    "Vietnam": 1525.2316981938554,
    "Guam": 1058.6806031445922,
    "South Africa": 1651.5020081667794,
    "Nigeria": 1847.7760482131596,
    "Zambia": 1553.4699528337185,
    "Philippines": 1379.9461927704779,
    "DR Congo": 1764.2551119379254,
    "Bosnia and Herzegovina": 1599.681038525022,
    "Congo": 1329.970846155011,
    "Spain": 2172.9092269925177,
    "Poland": 1737.119157105796,
    "Uganda": 1522.5717472692074,
    "Libya": 1534.2565463509504,
    "Costa Rica": 1744.360408048948,
    "United States Virgin Islands": 1037.9184218494845,
    "Saint Lucia": 1231.4543792146696,
    "Chile": 1756.0058473550257,
    "Kuwait": 1482.5569094039138,
    "Syria": 1638.047643784817,
    "Iceland": 1578.4513455719439,
    "Norway": 1909.5446655552873,
    "Faroe Islands": 1380.0874214825058,
    "Finland": 1567.7502671701586,
    "British Virgin Islands": 1093.8365628694542,
    "Cyprus": 1304.2513186210886,
    "Lithuania": 1289.9375746099665,
    "Moldova": 1256.324074255854,
    "Romania": 1630.7244729519896,
    "Latvia": 1283.9174786369974,
    "Saint Kitts and Nevis": 1292.8451354416627,
    "Sweden": 1726.3355018905397,
    "Georgia": 1653.0851127526166,
    "Japan": 1987.3339691759872,
    "Albania": 1646.2821790827484,
    "Andorra": 1091.645866764611,
    "Cayman Islands": 1097.4451204061331,
    "Azerbaijan": 1365.6295162413535,
    "Singapore": 1333.3146231674684,
    "Malaysia": 1515.0491826223488,
    "North Korea": 1519.114519318768,
    "Czech Republic": 1727.135508520917,
    "Bulgaria": 1525.6184493975586,
    "Slovakia": 1671.1188911699114,
    "Australia": 1916.5897293553262,
    "Honduras": 1708.8114296658346,
    "El Salvador": 1515.838234091714,
    "Nepal": 1148.2820265968708,
    "Yemen": 1349.0278078596637,
    "Hong Kong": 1392.3335925670733,
    "Turkmenistan": 1420.2204815544997,
    "Haiti": 1713.891344646749,
    "Bhutan": 920.3048906434623,
    "Colombia": 2019.0445592907142,
    "Dominican Republic": 1507.325256400867,
    "Macau": 918.7373684101531,
    "Brunei": 974.4262692508818,
    "Peru": 1728.526044477243,
    "Maldives": 1093.7346162375313,
    "Lebanon": 1472.2109251005184,
    "Barbados": 1151.7250415495464,
    "Dominica": 1202.8937519629328,
    "Antigua and Barbuda": 1136.8925214518363,
    "Oman": 1609.6458225494268,
    "Switzerland": 1900.3958438190846,
    "United Arab Emirates": 1671.0742554238932,
    "Slovenia": 1691.7639101803939,
    "Lesotho": 1422.5123924224717,
    "Eswatini": 1332.9748703699436,
    "Thailand": 1563.5459010442653,
    "Kernow": 1584.2330400700587,
    "Guernsey": 1755.6977375988292,
    "Israel": 1634.3759933340748,
    "Russia": 1802.767927920649,
    "Croatia": 1941.723040660108,
    "Estonia": 1360.078555068947,
    "France": 2090.080887103677,
    "Greece": 1753.7282498015904,
    "Austria": 1829.0759000737773,
    "Hungary": 1702.1744072002123,
    "Republic of Ireland": 1694.471506072028,
    "Belgium": 1873.7902542258512,
    "Portugal": 1987.4653265771087,
    "England": 2030.3071982255562,
    "Argentina": 2148.152798368094,
    "Luxembourg": 1384.3862315594656,
    "Northern Ireland": 1598.4461760375889,
    "North Macedonia": 1591.3822641052147,
    "Serbia": 1781.7978755073673,
    "Netherlands": 1968.058750861951,
    "Germany": 1939.3426552624353,
    "Wales": 1702.0804401175787,
    "Brazil": 2018.056891787186,
    "Turkey": 1903.175234113821,
    "Jordan": 1806.4773321275256,
    "Italy": 1861.1767601947824,
    "Anguilla": 959.5706979719207,
    "Botswana": 1398.5067396819884,
    "Uzbekistan": 1846.531901110252,
    "Mongolia": 1043.5636925221236,
    "Nicaragua": 1521.194608175258,
    "Curaçao": 1614.3957713220395,
    "Grenada": 1307.330581883465,
    "Zimbabwe": 1487.9646150720919,
    "Bolivia": 1711.1957866666269,
    "Bahamas": 965.0237410680107,
    "Belize": 1327.7250116676678,
    "Ethiopia": 1391.6085498511545,
    "Sudan": 1476.0537369184312,
    "Suriname": 1608.3313980249786,
    "Saint Vincent and the Grenadines": 1376.9008869974707,
    "Montserrat": 1271.1385849727876,
    "Cuba": 1461.5844682677025,
    "Ecuador": 1985.6939650532304,
    "Aruba": 1267.4979286863966,
    "Puerto Rico": 1402.3312946764306,
    "Malawi": 1448.434248876203,
    "Venezuela": 1792.0502300054245,
    "Turks and Caicos Islands": 1036.330735922223,
    "Bahrain": 1566.9353000205554,
    "Kazakhstan": 1467.6039150248835,
    "Namibia": 1422.6412305759975,
    "Gambia": 1545.0299642971918,
    "Mauritania": 1433.7111539338048,
    "Taiwan": 1106.7463771503317,
    "Tanzania": 1398.7025810251507,
    "Alderney": 1164.0871336490497,
    "Jersey": 1839.657148534818,
    "Uruguay": 1940.3561336907799,
    "Belarus": 1517.5081377130618,
    "Paraguay": 1881.9944580924534,
    "Denmark": 1874.0942709779215,
    "Scotland": 1770.179147993276,
    "Palestine": 1605.6339509703216,
    "Kenya": 1482.9412527640159,
    "Pakistan": 1072.7564493810148,
    "Myanmar": 1167.9241384014806,
    "Laos": 996.340353925161,
    "Djibouti": 1104.7535069155676,
    "New Caledonia": 1614.814418184835,
    "Solomon Islands": 1327.4174450239275,
    "Central African Republic": 1374.2730282880489,
    "Fiji": 1409.948314436604,
    "Papua New Guinea": 1472.8277900429105,
    "Madagascar": 1515.7527330900723,
    "Guinea-Bissau": 1373.0454520572866,
    "São Tomé and Príncipe": 1196.967963476405,
    "Sierra Leone": 1480.842677749259,
    "Guinea": 1585.6127153021291,
    "Seychelles": 1017.9342568193289,
    "Eritrea": 1203.507858758122,
    "Chad": 1250.268980769119,
    "Liberia": 1433.1194184844737,
    "Cape Verde": 1654.1416122356743,
    "Benin": 1570.8248259526395,
    "Mali": 1721.1346226625983,
    "Equatorial Guinea": 1459.874742349733,
    "Rwanda": 1456.2559766339841,
    "Mozambique": 1508.660988639474,
    "Angola": 1580.784929691434,
    "Mauritius": 1231.9665222094359,
    "Vanuatu": 1438.4969363142905,
    "Somalia": 1076.2780410054881,
    "Ukraine": 1774.0551626223403,
    "Liechtenstein": 948.7854541846369,
    "San Marino": 880.4581165486292,
    "Sint Maarten": 1351.5593824537393,
    "Sri Lanka": 1063.1916783673755,
    "Bangladesh": 1173.4480996819086,
    "India": 1273.4937788687093,
    "Saudi Arabia": 1690.0665258798688,
    "Kyrgyzstan": 1468.7462714734017,
    "Iraq": 1740.4264751993974,
    "Tonga": 1089.1263404973238,
    "Cook Islands": 1167.6984075964556,
    "Gibraltar": 1060.3807004921637,
    "Monaco": 1447.7138385992068,
    "American Samoa": 932.7841807205024,
    "Tahiti": 1524.4687313022216,
    "Burundi": 1395.8924027196126,
    "Niger": 1506.1175098726521,
    "Guyana": 1531.132256090663,
    "Indonesia": 1483.8343300827207,
    "Zanzibar": 1569.9211458264701,
    "Cambodia": 1113.5614968665218,
    "Tajikistan": 1450.3099512201616,
    "Catalonia": 1600.3229863023664,
    "Andalusia": 1580.2016175521114,
    "Basque Country": 1667.216178732033,
    "Saint Martin": 1366.219260612359,
    "Martinique": 1484.4586075691573,
    "Western Sahara": 1368.1500519287847,
    "Guadeloupe": 1557.3469060817317,